INSERT INTO auth.users (instance_id,id,aud,role,email,encrypted_password,email_confirmed_at,invited_at,confirmation_token,confirmation_sent_at,recovery_token,recovery_sent_at,email_change_token_new,email_change,email_change_sent_at,last_sign_in_at,raw_app_meta_data,raw_user_meta_data,is_super_admin,created_at,updated_at,phone,phone_confirmed_at,phone_change,phone_change_token,phone_change_sent_at,email_change_token_current,email_change_confirm_status,banned_until,reauthentication_token,reauthentication_sent_at,is_sso_user,deleted_at,is_anonymous) VALUES ('00000000-0000-0000-0000-000000000000', 'b00285e8-2d93-5220-91e9-b28b82ca7b49', 'authenticated', 'authenticated', 'stephanedondyas2@gmail.com', '$2b$04$RzcGt.F3Fgp7TqMXXVhDYuvtBrS.FfSy8GyEiRJvbUNDG1yTxSqGm', '2024-08-23T15:21:46.728Z', '2020-01-21T12:58:15.000Z', 'Ex modo modarbitrer expetenim poetisfacil nostrum voluptata, censet motus ita quaedamation arbitration neque.', '2020-12-12T12:05:50.000Z', 'Quas cupid postea vita illum.', '2020-07-03T06:21:19.000Z', 'Tur quae ad delicural rationemus voluptas.', 'Ultim doloresque atione ut frui nem, utilia extremum dubitione odum illum manendam.', '2020-11-23T22:59:46.000Z', '2020-08-16T20:07:51.000Z', '{"provider":"email","providers":["email"]}', '{"orgid":null,"role":null}', 't', '2024-08-23T15:21:46.728Z', '2020-03-03T02:16:57.000Z', DEFAULT, '2020-12-08T11:50:38.000Z', DEFAULT, DEFAULT, '2020-07-23T06:52:10.000Z', DEFAULT, DEFAULT, '2020-09-09T20:45:19.000Z', DEFAULT, '2020-04-20T15:23:08.000Z', DEFAULT, '2020-08-16T08:03:39.000Z', DEFAULT), ('00000000-0000-0000-0000-000000000000', '6d47a002-b1ba-5390-aaf1-ac4e0d6aefc0', 'authenticated', 'authenticated', 'owner2@organization2.com', '$2b$04$VTPkjsZYB05/V3SoifJzUes8Pasov9lJuTD5EVTB.PhWI3WPfsavi', '2024-08-23T15:21:46.729Z', '2020-06-06T17:31:39.000Z', 'Multa utus nihil iisque vocet suspicio posset.', '2020-09-13T20:17:11.000Z', 'Hoc vult vix dolorat quod susciplinguam sit dolordiamur.', '2020-05-13T04:44:39.000Z', 'Dolorum per dolore aliosae et.', 'Copulsa meliorum quis es saepe eorumquam inscientiam, te vero cum etiam adquiescerte sapiens desid possimis.', '2020-11-15T22:57:47.000Z', '2020-04-08T15:30:17.000Z', '{"provider":"email","providers":["email"]}', '{"orgid":null,"role":null}', 't', '2024-08-23T15:21:46.729Z', '2020-12-28T11:17:59.000Z', DEFAULT, '2020-10-06T10:01:38.000Z', DEFAULT, DEFAULT, '2020-07-23T18:47:30.000Z', DEFAULT, DEFAULT, '2020-06-02T17:55:35.000Z', DEFAULT, '2020-03-27T02:29:07.000Z', DEFAULT, '2020-11-19T11:00:25.000Z', DEFAULT), ('00000000-0000-0000-0000-000000000000', '9b0c3035-58ad-536d-9b8b-2c0fdf5168b4', 'authenticated', 'authenticated', 'manager1@organization1.com', '$2b$04$Di7DDfv7mYjI9bU5nSbiB.dPNZoGpeH1KrHcOP0bqR5g9CBuDgl/a', '2024-08-23T15:21:46.730Z', '2020-12-04T12:08:09.000Z', 'Continis sine terrogarum tem autem.', '2020-04-16T03:57:40.000Z', 'Ignoratem modo ent duxit quid statuerin.', '2020-01-21T12:23:04.000Z', 'Autem res quibus romante non, praeteraret es m mediocrisque ad pulchraeque.', 'Vitae est mune entur voluptat velimum.', '2020-02-10T01:14:40.000Z', '2020-07-11T18:35:18.000Z', '{"provider":"email","providers":["email"]}', '{"orgid":null,"role":null}', 'f', '2024-08-23T15:21:46.730Z', '2020-01-05T00:24:53.000Z', DEFAULT, '2020-03-23T14:43:51.000Z', DEFAULT, DEFAULT, '2020-04-16T04:00:00.000Z', DEFAULT, DEFAULT, '2020-11-27T10:56:21.000Z', DEFAULT, '2020-12-12T23:45:20.000Z', DEFAULT, '2020-04-20T03:59:22.000Z', DEFAULT), ('00000000-0000-0000-0000-000000000000', 'e60a60a5-9c16-58cd-8294-d11a48042cac', 'authenticated', 'authenticated', 'manager2@organization2.com', '$2b$04$beoKxjzTM5T0HrDOEhJWUedrtD4XIxEqj1tvOiLe4NTc2wp6MqvmG', '2024-08-23T15:21:46.731Z', '2020-06-22T17:44:09.000Z', 'Declinabil ideralter bonum expectatem quamquam.', '2020-11-27T22:36:53.000Z', 'Sapientium denique sin voluptas minus vel nisi, carit quodsi non et solum.', '2020-06-10T05:41:17.000Z', 'Petere deseruna itiae inophi mortale quibus, diutur ducit nam cogitas ret.', 'Depravate coercenturpe orum avi autem.', '2020-12-24T11:38:19.000Z', '2020-05-01T16:26:44.000Z', '{"provider":"email","providers":["email"]}', '{"orgid":null,"role":null}', 'f', '2024-08-23T15:21:46.731Z', '2020-03-19T02:38:04.000Z', DEFAULT, '2020-07-15T18:19:24.000Z', DEFAULT, DEFAULT, '2020-05-21T16:07:15.000Z', DEFAULT, DEFAULT, '2020-07-15T06:33:24.000Z', DEFAULT, '2020-03-27T14:07:27.000Z', DEFAULT, '2020-06-10T05:33:56.000Z', DEFAULT);
INSERT INTO auth.identities (provider_id,user_id,identity_data,provider,last_sign_in_at,created_at,updated_at,id) VALUES ('b00285e8-2d93-5220-91e9-b28b82ca7b49', 'b00285e8-2d93-5220-91e9-b28b82ca7b49', '{"sub":"b00285e8-2d93-5220-91e9-b28b82ca7b49"}', 'email', '2020-02-22T13:15:49.000Z', '2024-08-23T15:21:46.728Z', '2020-05-09T04:27:27.000Z', 'b143eba5-dccf-5102-bf0c-df1fed8e4684'), ('6d47a002-b1ba-5390-aaf1-ac4e0d6aefc0', '6d47a002-b1ba-5390-aaf1-ac4e0d6aefc0', '{"sub":"6d47a002-b1ba-5390-aaf1-ac4e0d6aefc0"}', 'email', '2020-07-07T06:18:56.000Z', '2024-08-23T15:21:46.729Z', '2020-05-05T04:50:06.000Z', 'faa53e33-d79d-5e55-8492-9d63f5d3d727'), ('9b0c3035-58ad-536d-9b8b-2c0fdf5168b4', '9b0c3035-58ad-536d-9b8b-2c0fdf5168b4', '{"sub":"9b0c3035-58ad-536d-9b8b-2c0fdf5168b4"}', 'email', '2020-07-19T19:09:07.000Z', '2024-08-23T15:21:46.730Z', '2020-11-11T22:48:09.000Z', '74f042cb-e322-509c-9d63-10e4f595b967'), ('e60a60a5-9c16-58cd-8294-d11a48042cac', 'e60a60a5-9c16-58cd-8294-d11a48042cac', '{"sub":"e60a60a5-9c16-58cd-8294-d11a48042cac"}', 'email', '2020-03-03T14:22:26.000Z', '2024-08-23T15:21:46.731Z', '2020-09-17T20:27:37.000Z', 'b9b4b9f5-2df1-59fe-9530-3958f5529a0d');
INSERT INTO public.organizations (id,inserted_at,name,owner_id,stripe_account_id) VALUES ('59eb0414-3227-5a0f-8ddb-001d48e3fe6b', DEFAULT, 'organization 0', 'b00285e8-2d93-5220-91e9-b28b82ca7b49', NULL), ('3ea035ba-8d50-52a6-bc49-4459b96e57c9', DEFAULT, 'organization 1', '6d47a002-b1ba-5390-aaf1-ac4e0d6aefc0', NULL);
INSERT INTO public.organization_members (id,inserted_at,organization_id,user_id,role) VALUES ('3ee0f405-7041-58bf-a37e-16d304e60006', DEFAULT, '59eb0414-3227-5a0f-8ddb-001d48e3fe6b', '9b0c3035-58ad-536d-9b8b-2c0fdf5168b4', 'manager');
INSERT INTO public.organization_members (id,inserted_at,organization_id,user_id,role) VALUES ('28ba77e4-2340-50e2-9f93-cf00a14d09bd', DEFAULT, '59eb0414-3227-5a0f-8ddb-001d48e3fe6b', 'e60a60a5-9c16-58cd-8294-d11a48042cac', 'manager');
INSERT INTO public.students (id,email,firstname,lastname,birth_date,user_id,organization_id) VALUES ('5ce0b7bd-3312-5b3e-ab6b-ffcf05b50752', 'Filiberto_Walker71127@bleakcricket.org', 'Daphnee', 'Gleason', '1991-02-02T01:50:46.000Z', NULL, '59eb0414-3227-5a0f-8ddb-001d48e3fe6b'), ('bdf066e1-87ef-597f-87a8-4e9e4def323a', 'Pete.Kassulke82520@fox-min.com', 'Pearline', 'Huel', '1997-08-16T07:35:00.000Z', NULL, '59eb0414-3227-5a0f-8ddb-001d48e3fe6b');
INSERT INTO public.courses (id,inserted_at,name,description,type,organization_id) VALUES ('19eaee5e-b69f-52a5-a891-a822703a3a92', DEFAULT, 'Course 0', 'Discens sibus possitatque fatem quos.', 8, '59eb0414-3227-5a0f-8ddb-001d48e3fe6b'), ('98262c29-76b9-5e43-9a8b-196af04f1f6f', DEFAULT, 'Course 1', 'Advero quisquamquam inquam ii possit est dolorem synephebos.', 2, '59eb0414-3227-5a0f-8ddb-001d48e3fe6b');
INSERT INTO public.courses (id,inserted_at,name,description,type,organization_id) VALUES ('512ff8ed-f120-50e5-92d7-9800f500ebfc', DEFAULT, 'Course 0', 'Discens sibus possitatque fatem quos.', 2, '3ea035ba-8d50-52a6-bc49-4459b96e57c9'), ('90275d39-1005-5f93-878e-c6777ccea068', DEFAULT, 'Course 1', 'Advero quisquamquam inquam ii possit est dolorem synephebos.', 3, '3ea035ba-8d50-52a6-bc49-4459b96e57c9');
